filename,%VBur
Hf-π-29=CF3_30=CF3_31=CF3.xyz,65.7036
Hf-π-29=CF3_30=CF3_31=Cl.xyz,65.8207
Hf-π-29=CF3_30=CF3_31=Et.xyz,65.7089
Hf-π-29=CF3_30=CF3_31=F.xyz,65.3769
Hf-π-29=CF3_30=CF3_31=Me.xyz,65.4782
Hf-π-29=CF3_30=CF3_31=NCH3_2.xyz,64.8475
Hf-π-29=CF3_30=CF3_31=NO2.xyz,65.7584
Hf-π-29=CF3_30=CF3_31=OMe.xyz,65.4375
Hf-π-29=CF3_30=CF3_31=Ph.xyz,65.6017
Hf-π-29=CF3_30=Cl_31=CF3.xyz,62.9117
Hf-π-29=CF3_30=Cl_31=Cl.xyz,62.8104
Hf-π-29=CF3_30=Cl_31=Et.xyz,62.6200
Hf-π-29=CF3_30=Cl_31=F.xyz,62.2647
Hf-π-29=CF3_30=Cl_31=Me.xyz,62.9275
Hf-π-29=CF3_30=Cl_31=NCH3_2.xyz,63.2070
Hf-π-29=CF3_30=Cl_31=NO2.xyz,64.4020
Hf-π-29=CF3_30=Cl_31=OMe.xyz,62.8191
Hf-π-29=CF3_30=Cl_31=Ph.xyz,62.6864
Hf-π-29=CF3_30=Et_31=CF3.xyz,63.0107
Hf-π-29=CF3_30=Et_31=Cl.xyz,65.2191
Hf-π-29=CF3_30=Et_31=Et.xyz,60.5025
Hf-π-29=CF3_30=Et_31=F.xyz,64.1394
Hf-π-29=CF3_30=Et_31=Me.xyz,65.1981
Hf-π-29=CF3_30=Et_31=NCH3_2.xyz,62.6875
Hf-π-29=CF3_30=Et_31=NO2.xyz,65.1475
Hf-π-29=CF3_30=Et_31=OMe.xyz,64.5418
Hf-π-29=CF3_30=Et_31=Ph.xyz,62.7050
Hf-π-29=CF3_30=F_31=CF3.xyz,66.0472
Hf-π-29=CF3_30=F_31=Cl.xyz,65.4328
Hf-π-29=CF3_30=F_31=Et.xyz,65.6786
Hf-π-29=CF3_30=F_31=F.xyz,63.8179
Hf-π-29=CF3_30=F_31=Me.xyz,65.1201
Hf-π-29=CF3_30=F_31=NCH3_2.xyz,61.9124
Hf-π-29=CF3_30=F_31=NO2.xyz,65.2063
Hf-π-29=CF3_30=F_31=OMe.xyz,62.8191
Hf-π-29=CF3_30=F_31=Ph.xyz,65.9284
Hf-π-29=CF3_30=Me_31=CF3.xyz,66.1526
Hf-π-29=CF3_30=Me_31=Cl.xyz,65.4311
Hf-π-29=CF3_30=Me_31=Et.xyz,65.8818
Hf-π-29=CF3_30=Me_31=F.xyz,64.7730
Hf-π-29=CF3_30=Me_31=Me.xyz,65.2936
Hf-π-29=CF3_30=Me_31=NCH3_2.xyz,62.7178
Hf-π-29=CF3_30=Me_31=NO2.xyz,65.2785
Hf-π-29=CF3_30=Me_31=OMe.xyz,64.9570
Hf-π-29=CF3_30=Me_31=Ph.xyz,65.6192
Hf-π-29=CF3_30=NCH3_2_31=CF3.xyz,62.9706
Hf-π-29=CF3_30=NCH3_2_31=Cl.xyz,62.0498
Hf-π-29=CF3_30=NCH3_2_31=Et.xyz,62.1040
Hf-π-29=CF3_30=NCH3_2_31=F.xyz,61.3527
Hf-π-29=CF3_30=NCH3_2_31=Me.xyz,61.8437
Hf-π-29=CF3_30=NCH3_2_31=NCH3_2.xyz,63.4894
Hf-π-29=CF3_30=NCH3_2_31=NO2.xyz,62.3579
Hf-π-29=CF3_30=NCH3_2_31=OMe.xyz,62.8419
Hf-π-29=CF3_30=NCH3_2_31=Ph.xyz,61.8122
Hf-π-29=CF3_30=NO2_31=CF3.xyz,65.2698
Hf-π-29=CF3_30=NO2_31=Cl.xyz,64.4078
Hf-π-29=CF3_30=NO2_31=Et.xyz,64.7008
Hf-π-29=CF3_30=NO2_31=F.xyz,63.8732
Hf-π-29=CF3_30=NO2_31=Me.xyz,64.7357
Hf-π-29=CF3_30=NO2_31=NCH3_2.xyz,64.8807
Hf-π-29=CF3_30=NO2_31=NO2.xyz,64.7194
Hf-π-29=CF3_30=NO2_31=OMe.xyz,61.9147
Hf-π-29=CF3_30=NO2_31=Ph.xyz,64.1557
Hf-π-29=CF3_30=OMe_31=CF3.xyz,66.7030
Hf-π-29=CF3_30=OMe_31=Cl.xyz,65.4794
Hf-π-29=CF3_30=OMe_31=Et.xyz,65.8556
Hf-π-29=CF3_30=OMe_31=F.xyz,64.9605
Hf-π-29=CF3_30=OMe_31=Me.xyz,65.2360
Hf-π-29=CF3_30=OMe_31=NCH3_2.xyz,62.1756
Hf-π-29=CF3_30=OMe_31=NO2.xyz,65.2965
Hf-π-29=CF3_30=OMe_31=OMe.xyz,65.3501
Hf-π-29=CF3_30=OMe_31=Ph.xyz,65.5365
Hf-π-29=CF3_30=Ph_31=CF3.xyz,66.3553
Hf-π-29=CF3_30=Ph_31=Cl.xyz,64.9879
Hf-π-29=CF3_30=Ph_31=Et.xyz,63.8505
Hf-π-29=CF3_30=Ph_31=F.xyz,64.4754
Hf-π-29=CF3_30=Ph_31=Me.xyz,64.8103
Hf-π-29=CF3_30=Ph_31=NCH3_2.xyz,63.4609
Hf-π-29=CF3_30=Ph_31=NO2.xyz,65.3926
Hf-π-29=CF3_30=Ph_31=OMe.xyz,62.7947
Hf-π-29=CF3_30=Ph_31=Ph.xyz,65.3327
Hf-π-29=Cl_30=CF3_31=CF3.xyz,63.0981
Hf-π-29=Cl_30=CF3_31=Cl.xyz,63.1365
Hf-π-29=Cl_30=CF3_31=Et.xyz,63.1790
Hf-π-29=Cl_30=CF3_31=F.xyz,62.8011
Hf-π-29=Cl_30=CF3_31=Me.xyz,62.8791
Hf-π-29=Cl_30=CF3_31=NCH3_2.xyz,62.8914
Hf-π-29=Cl_30=CF3_31=NO2.xyz,63.0917
Hf-π-29=Cl_30=CF3_31=OMe.xyz,63.0579
Hf-π-29=Cl_30=CF3_31=Ph.xyz,63.2053
Hf-π-29=Cl_30=Cl_31=CF3.xyz,62.6398
Hf-π-29=Cl_30=Cl_31=Cl.xyz,62.3195
Hf-π-29=Cl_30=Cl_31=Et.xyz,62.3230
Hf-π-29=Cl_30=Cl_31=F.xyz,60.2713
Hf-π-29=Cl_30=Cl_31=Me.xyz,62.0166
Hf-π-29=Cl_30=Cl_31=NCH3_2.xyz,61.5560
Hf-π-29=Cl_30=Cl_31=NO2.xyz,62.0749
Hf-π-29=Cl_30=Cl_31=OMe.xyz,60.3773
Hf-π-29=Cl_30=Cl_31=Ph.xyz,61.5321
Hf-π-29=Cl_30=Et_31=CF3.xyz,63.0335
Hf-π-29=Cl_30=Et_31=Cl.xyz,62.2886
Hf-π-29=Cl_30=Et_31=Et.xyz,62.9659
Hf-π-29=Cl_30=Et_31=F.xyz,60.1315
Hf-π-29=Cl_30=Et_31=Me.xyz,62.4819
Hf-π-29=Cl_30=Et_31=NCH3_2.xyz,61.9106
Hf-π-29=Cl_30=Et_31=NO2.xyz,60.0872
Hf-π-29=Cl_30=Et_31=OMe.xyz,60.6446
Hf-π-29=Cl_30=Et_31=Ph.xyz,61.4779
Hf-π-29=Cl_30=F_31=CF3.xyz,60.0389
Hf-π-29=Cl_30=F_31=Cl.xyz,59.4076
Hf-π-29=Cl_30=F_31=Et.xyz,60.3703
Hf-π-29=Cl_30=F_31=F.xyz,59.1287
Hf-π-29=Cl_30=F_31=Me.xyz,61.5967
Hf-π-29=Cl_30=F_31=NCH3_2.xyz,60.3872
Hf-π-29=Cl_30=F_31=NO2.xyz,59.0396
Hf-π-29=Cl_30=F_31=OMe.xyz,58.9697
Hf-π-29=Cl_30=F_31=Ph.xyz,60.2724
Hf-π-29=Cl_30=Me_31=CF3.xyz,62.8832
Hf-π-29=Cl_30=Me_31=Cl.xyz,62.2770
Hf-π-29=Cl_30=Me_31=Et.xyz,62.8657
Hf-π-29=Cl_30=Me_31=F.xyz,60.1030
Hf-π-29=Cl_30=Me_31=Me.xyz,62.3480
Hf-π-29=Cl_30=Me_31=NCH3_2.xyz,61.6800
Hf-π-29=Cl_30=Me_31=NO2.xyz,60.1659
Hf-π-29=Cl_30=Me_31=OMe.xyz,60.6615
Hf-π-29=Cl_30=Me_31=Ph.xyz,61.3056
Hf-π-29=Cl_30=NCH3_2_31=CF3.xyz,61.2001
Hf-π-29=Cl_30=NCH3_2_31=Cl.xyz,60.3802
Hf-π-29=Cl_30=NCH3_2_31=Et.xyz,61.4948
Hf-π-29=Cl_30=NCH3_2_31=F.xyz,61.3970
Hf-π-29=Cl_30=NCH3_2_31=Me.xyz,61.1594
Hf-π-29=Cl_30=NCH3_2_31=NCH3_2.xyz,61.9858
Hf-π-29=Cl_30=NCH3_2_31=NO2.xyz,60.4530
Hf-π-29=Cl_30=NCH3_2_31=OMe.xyz,61.5274
Hf-π-29=Cl_30=NCH3_2_31=Ph.xyz,62.0516
Hf-π-29=Cl_30=NO2_31=CF3.xyz,62.4412
Hf-π-29=Cl_30=NO2_31=Cl.xyz,61.8536
Hf-π-29=Cl_30=NO2_31=Et.xyz,62.2641
Hf-π-29=Cl_30=NO2_31=F.xyz,59.9341
Hf-π-29=Cl_30=NO2_31=Me.xyz,61.8378
Hf-π-29=Cl_30=NO2_31=NCH3_2.xyz,62.2379
Hf-π-29=Cl_30=NO2_31=NO2.xyz,61.9170
Hf-π-29=Cl_30=NO2_31=OMe.xyz,59.8799
Hf-π-29=Cl_30=NO2_31=Ph.xyz,61.7819
Hf-π-29=Cl_30=OMe_31=CF3.xyz,63.6007
Hf-π-29=Cl_30=OMe_31=Cl.xyz,63.0445
Hf-π-29=Cl_30=OMe_31=Et.xyz,60.0756
Hf-π-29=Cl_30=OMe_31=F.xyz,61.3574
Hf-π-29=Cl_30=OMe_31=Me.xyz,61.8425
Hf-π-29=Cl_30=OMe_31=NCH3_2.xyz,61.9444
Hf-π-29=Cl_30=OMe_31=NO2.xyz,62.0766
Hf-π-29=Cl_30=OMe_31=OMe.xyz,62.4592
Hf-π-29=Cl_30=OMe_31=Ph.xyz,62.6893
Hf-π-29=Cl_30=Ph_31=CF3.xyz,60.9969
Hf-π-29=Cl_30=Ph_31=Cl.xyz,59.7588
Hf-π-29=Cl_30=Ph_31=Et.xyz,62.4674
Hf-π-29=Cl_30=Ph_31=F.xyz,59.7943
Hf-π-29=Cl_30=Ph_31=Me.xyz,62.2933
Hf-π-29=Cl_30=Ph_31=NCH3_2.xyz,62.4924
Hf-π-29=Cl_30=Ph_31=NO2.xyz,59.5963
Hf-π-29=Cl_30=Ph_31=OMe.xyz,60.1711
Hf-π-29=Cl_30=Ph_31=Ph.xyz,62.9956
Hf-π-29=Et_30=CF3_31=CF3.xyz,65.6797
Hf-π-29=Et_30=CF3_31=Cl.xyz,65.3810
Hf-π-29=Et_30=CF3_31=Et.xyz,65.1970
Hf-π-29=Et_30=CF3_31=F.xyz,64.8062
Hf-π-29=Et_30=CF3_31=Me.xyz,65.0205
Hf-π-29=Et_30=CF3_31=NCH3_2.xyz,64.7893
Hf-π-29=Et_30=CF3_31=NO2.xyz,65.2750
Hf-π-29=Et_30=CF3_31=OMe.xyz,64.9221
Hf-π-29=Et_30=CF3_31=Ph.xyz,65.3000
Hf-π-29=Et_30=Cl_31=CF3.xyz,65.7572
Hf-π-29=Et_30=Cl_31=Cl.xyz,64.8312
Hf-π-29=Et_30=Cl_31=Et.xyz,65.6984
Hf-π-29=Et_30=Cl_31=F.xyz,63.6176
Hf-π-29=Et_30=Cl_31=Me.xyz,64.5418
Hf-π-29=Et_30=Cl_31=NCH3_2.xyz,63.4097
Hf-π-29=Et_30=Cl_31=NO2.xyz,64.5319
Hf-π-29=Et_30=Cl_31=OMe.xyz,61.3347
Hf-π-29=Et_30=Cl_31=Ph.xyz,65.6401
Hf-π-29=Et_30=Et_31=CF3.xyz,65.9156
Hf-π-29=Et_30=Et_31=Cl.xyz,65.0607
Hf-π-29=Et_30=Et_31=Et.xyz,65.6821
Hf-π-29=Et_30=Et_31=F.xyz,63.9548
Hf-π-29=Et_30=Et_31=Me.xyz,65.0700
Hf-π-29=Et_30=Et_31=NCH3_2.xyz,64.2838
Hf-π-29=Et_30=Et_31=NO2.xyz,64.9442
Hf-π-29=Et_30=Et_31=OMe.xyz,64.5505
Hf-π-29=Et_30=Et_31=Ph.xyz,65.2470
Hf-π-29=Et_30=F_31=CF3.xyz,66.3192
Hf-π-29=Et_30=F_31=Cl.xyz,64.9372
Hf-π-29=Et_30=F_31=Et.xyz,65.6623
Hf-π-29=Et_30=F_31=F.xyz,64.2890
Hf-π-29=Et_30=F_31=Me.xyz,64.4917
Hf-π-29=Et_30=F_31=NCH3_2.xyz,65.5318
Hf-π-29=Et_30=F_31=NO2.xyz,64.9366
Hf-π-29=Et_30=F_31=OMe.xyz,64.9751
Hf-π-29=Et_30=F_31=Ph.xyz,65.1783
Hf-π-29=Et_30=Me_31=CF3.xyz,65.9179
Hf-π-29=Et_30=Me_31=Cl.xyz,65.1370
Hf-π-29=Et_30=Me_31=Et.xyz,65.6937
Hf-π-29=Et_30=Me_31=F.xyz,64.6233
Hf-π-29=Et_30=Me_31=Me.xyz,64.9826
Hf-π-29=Et_30=Me_31=NCH3_2.xyz,65.5743
Hf-π-29=Et_30=Me_31=NO2.xyz,65.1975
Hf-π-29=Et_30=Me_31=OMe.xyz,65.0123
Hf-π-29=Et_30=Me_31=Ph.xyz,65.7619
Hf-π-29=Et_30=NCH3_2_31=CF3.xyz,66.2994
Hf-π-29=Et_30=NCH3_2_31=Cl.xyz,64.8516
Hf-π-29=Et_30=NCH3_2_31=Et.xyz,64.9902
Hf-π-29=Et_30=NCH3_2_31=F.xyz,63.8715
Hf-π-29=Et_30=NCH3_2_31=Me.xyz,64.4935
Hf-π-29=Et_30=NCH3_2_31=NCH3_2.xyz,64.7025
Hf-π-29=Et_30=NCH3_2_31=NO2.xyz,65.0956
Hf-π-29=Et_30=NCH3_2_31=OMe.xyz,64.8301
Hf-π-29=Et_30=NCH3_2_31=Ph.xyz,65.3280
Hf-π-29=Et_30=NO2_31=CF3.xyz,65.1480
Hf-π-29=Et_30=NO2_31=Cl.xyz,63.9047
Hf-π-29=Et_30=NO2_31=Et.xyz,64.0986
Hf-π-29=Et_30=NO2_31=F.xyz,63.5151
Hf-π-29=Et_30=NO2_31=Me.xyz,64.1132
Hf-π-29=Et_30=NO2_31=NCH3_2.xyz,64.4032
Hf-π-29=Et_30=NO2_31=NO2.xyz,62.7859
Hf-π-29=Et_30=NO2_31=OMe.xyz,65.4940
Hf-π-29=Et_30=NO2_31=Ph.xyz,63.7469
Hf-π-29=Et_30=OMe_31=CF3.xyz,66.2382
Hf-π-29=Et_30=OMe_31=Cl.xyz,64.9378
Hf-π-29=Et_30=OMe_31=Et.xyz,65.7147
Hf-π-29=Et_30=OMe_31=F.xyz,64.2855
Hf-π-29=Et_30=OMe_31=Me.xyz,64.8173
Hf-π-29=Et_30=OMe_31=NCH3_2.xyz,65.2791
Hf-π-29=Et_30=OMe_31=NO2.xyz,64.7474
Hf-π-29=Et_30=OMe_31=OMe.xyz,64.7101
Hf-π-29=Et_30=OMe_31=Ph.xyz,65.1958
Hf-π-29=Et_30=Ph_31=CF3.xyz,65.9738
Hf-π-29=Et_30=Ph_31=Cl.xyz,65.0042
Hf-π-29=Et_30=Ph_31=Et.xyz,64.9792
Hf-π-29=Et_30=Ph_31=F.xyz,64.7369
Hf-π-29=Et_30=Ph_31=Me.xyz,64.5855
Hf-π-29=Et_30=Ph_31=NCH3_2.xyz,64.9366
Hf-π-29=Et_30=Ph_31=NO2.xyz,64.9867
Hf-π-29=Et_30=Ph_31=OMe.xyz,64.9704
Hf-π-29=Et_30=Ph_31=Ph.xyz,65.0846
Hf-π-29=F_30=CF3_31=CF3.xyz,61.9502
Hf-π-29=F_30=CF3_31=Cl.xyz,61.9002
Hf-π-29=F_30=CF3_31=Et.xyz,61.7895
Hf-π-29=F_30=CF3_31=F.xyz,61.2497
Hf-π-29=F_30=CF3_31=Me.xyz,61.5507
Hf-π-29=F_30=CF3_31=NCH3_2.xyz,61.6882
Hf-π-29=F_30=CF3_31=NO2.xyz,61.8204
Hf-π-29=F_30=CF3_31=OMe.xyz,61.5932
Hf-π-29=F_30=CF3_31=Ph.xyz,61.9724
Hf-π-29=F_30=Cl_31=CF3.xyz,61.3894
Hf-π-29=F_30=Cl_31=Cl.xyz,61.3160
Hf-π-29=F_30=Cl_31=Et.xyz,61.4395
Hf-π-29=F_30=Cl_31=F.xyz,59.1298
Hf-π-29=F_30=Cl_31=Me.xyz,60.9148
Hf-π-29=F_30=Cl_31=NCH3_2.xyz,60.6882
Hf-π-29=F_30=Cl_31=NO2.xyz,59.2376
Hf-π-29=F_30=Cl_31=OMe.xyz,59.5718
Hf-π-29=F_30=Cl_31=Ph.xyz,60.4367
Hf-π-29=F_30=Et_31=CF3.xyz,62.0475
Hf-π-29=F_30=Et_31=Cl.xyz,61.3487
Hf-π-29=F_30=Et_31=Et.xyz,61.3457
Hf-π-29=F_30=Et_31=F.xyz,60.2095
Hf-π-29=F_30=Et_31=Me.xyz,61.3248
Hf-π-29=F_30=Et_31=NCH3_2.xyz,60.8641
Hf-π-29=F_30=Et_31=NO2.xyz,61.1640
Hf-π-29=F_30=Et_31=OMe.xyz,59.7116
Hf-π-29=F_30=Et_31=Ph.xyz,60.4506
Hf-π-29=F_30=F_31=CF3.xyz,62.4639
Hf-π-29=F_30=F_31=Cl.xyz,61.2432
Hf-π-29=F_30=F_31=Et.xyz,61.5892
Hf-π-29=F_30=F_31=F.xyz,59.2480
Hf-π-29=F_30=F_31=Me.xyz,60.3365
Hf-π-29=F_30=F_31=NCH3_2.xyz,61.8897
Hf-π-29=F_30=F_31=NO2.xyz,60.4250
Hf-π-29=F_30=F_31=OMe.xyz,60.9084
Hf-π-29=F_30=F_31=Ph.xyz,60.7313
Hf-π-29=F_30=Me_31=CF3.xyz,62.6607
Hf-π-29=F_30=Me_31=Cl.xyz,61.2240
Hf-π-29=F_30=Me_31=Et.xyz,61.0971
Hf-π-29=F_30=Me_31=F.xyz,59.8415
Hf-π-29=F_30=Me_31=Me.xyz,61.1798
Hf-π-29=F_30=Me_31=NCH3_2.xyz,60.4495
Hf-π-29=F_30=Me_31=NO2.xyz,60.8350
Hf-π-29=F_30=Me_31=OMe.xyz,59.6307
Hf-π-29=F_30=Me_31=Ph.xyz,60.1624
Hf-π-29=F_30=NCH3_2_31=CF3.xyz,60.8892
Hf-π-29=F_30=NCH3_2_31=Cl.xyz,60.2352
Hf-π-29=F_30=NCH3_2_31=Et.xyz,61.0697
Hf-π-29=F_30=NCH3_2_31=F.xyz,60.5001
Hf-π-29=F_30=NCH3_2_31=Me.xyz,60.4669
Hf-π-29=F_30=NCH3_2_31=NCH3_2.xyz,61.1693
Hf-π-29=F_30=NCH3_2_31=NO2.xyz,59.7448
Hf-π-29=F_30=NCH3_2_31=OMe.xyz,60.5555
Hf-π-29=F_30=NCH3_2_31=Ph.xyz,61.4075
Hf-π-29=F_30=NO2_31=CF3.xyz,61.2962
Hf-π-29=F_30=NO2_31=Cl.xyz,59.9702
Hf-π-29=F_30=NO2_31=Et.xyz,59.9894
Hf-π-29=F_30=NO2_31=F.xyz,59.4367
Hf-π-29=F_30=NO2_31=Me.xyz,60.3237
Hf-π-29=F_30=NO2_31=NCH3_2.xyz,60.8135
Hf-π-29=F_30=NO2_31=NO2.xyz,59.1356
Hf-π-29=F_30=NO2_31=OMe.xyz,61.4214
Hf-π-29=F_30=NO2_31=Ph.xyz,60.0995
Hf-π-29=F_30=OMe_31=CF3.xyz,62.0027
Hf-π-29=F_30=OMe_31=Cl.xyz,61.3952
Hf-π-29=F_30=OMe_31=Et.xyz,62.5210
Hf-π-29=F_30=OMe_31=F.xyz,59.6534
Hf-π-29=F_30=OMe_31=Me.xyz,61.0511
Hf-π-29=F_30=OMe_31=NCH3_2.xyz,61.4715
Hf-π-29=F_30=OMe_31=NO2.xyz,60.6655
Hf-π-29=F_30=OMe_31=OMe.xyz,60.9713
Hf-π-29=F_30=OMe_31=Ph.xyz,61.4418
Hf-π-29=F_30=Ph_31=CF3.xyz,62.3794
Hf-π-29=F_30=Ph_31=Cl.xyz,61.4028
Hf-π-29=F_30=Ph_31=Et.xyz,61.3574
Hf-π-29=F_30=Ph_31=F.xyz,59.9382
Hf-π-29=F_30=Ph_31=Me.xyz,61.1402
Hf-π-29=F_30=Ph_31=NCH3_2.xyz,62.0219
Hf-π-29=F_30=Ph_31=NO2.xyz,59.0262
Hf-π-29=F_30=Ph_31=OMe.xyz,59.9317
Hf-π-29=F_30=Ph_31=Ph.xyz,61.9124
Hf-π-29=Me_30=CF3_31=CF3.xyz,63.3998
Hf-π-29=Me_30=CF3_31=Cl.xyz,63.5174
Hf-π-29=Me_30=CF3_31=Et.xyz,63.4405
Hf-π-29=Me_30=CF3_31=F.xyz,62.9537
Hf-π-29=Me_30=CF3_31=Me.xyz,63.1930
Hf-π-29=Me_30=CF3_31=NCH3_2.xyz,62.9915
Hf-π-29=Me_30=CF3_31=NO2.xyz,63.4056
Hf-π-29=Me_30=CF3_31=OMe.xyz,63.1843
Hf-π-29=Me_30=CF3_31=Ph.xyz,63.4446
Hf-π-29=Me_30=Cl_31=CF3.xyz,61.5560
Hf-π-29=Me_30=Cl_31=Cl.xyz,62.4249
Hf-π-29=Me_30=Cl_31=Et.xyz,61.5018
Hf-π-29=Me_30=Cl_31=F.xyz,60.3551
Hf-π-29=Me_30=Cl_31=Me.xyz,62.2228
Hf-π-29=Me_30=Cl_31=NCH3_2.xyz,61.7749
Hf-π-29=Me_30=Cl_31=NO2.xyz,60.4186
Hf-π-29=Me_30=Cl_31=OMe.xyz,60.5001
Hf-π-29=Me_30=Cl_31=Ph.xyz,61.1873
Hf-π-29=Me_30=Et_31=CF3.xyz,61.3865
Hf-π-29=Me_30=Et_31=Cl.xyz,62.9496
Hf-π-29=Me_30=Et_31=Et.xyz,62.9321
Hf-π-29=Me_30=Et_31=F.xyz,61.6957
Hf-π-29=Me_30=Et_31=Me.xyz,62.8873
Hf-π-29=Me_30=Et_31=NCH3_2.xyz,62.0300
Hf-π-29=Me_30=Et_31=NO2.xyz,62.7364
Hf-π-29=Me_30=Et_31=OMe.xyz,61.1902
Hf-π-29=Me_30=Et_31=Ph.xyz,61.6177
Hf-π-29=Me_30=F_31=CF3.xyz,64.3164
Hf-π-29=Me_30=F_31=Cl.xyz,63.1924
Hf-π-29=Me_30=F_31=Et.xyz,63.4953
Hf-π-29=Me_30=F_31=F.xyz,62.1890
Hf-π-29=Me_30=F_31=Me.xyz,62.4389
Hf-π-29=Me_30=F_31=NCH3_2.xyz,63.6205
Hf-π-29=Me_30=F_31=NO2.xyz,61.6800
Hf-π-29=Me_30=F_31=OMe.xyz,62.7626
Hf-π-29=Me_30=F_31=Ph.xyz,63.2786
Hf-π-29=Me_30=Me_31=CF3.xyz,63.9617
Hf-π-29=Me_30=Me_31=Cl.xyz,63.1843
Hf-π-29=Me_30=Me_31=Et.xyz,64.1306
Hf-π-29=Me_30=Me_31=F.xyz,62.2700
Hf-π-29=Me_30=Me_31=Me.xyz,62.9950
Hf-π-29=Me_30=Me_31=NCH3_2.xyz,61.8390
Hf-π-29=Me_30=Me_31=NO2.xyz,60.3586
Hf-π-29=Me_30=Me_31=OMe.xyz,62.5501
Hf-π-29=Me_30=Me_31=Ph.xyz,61.3912
Hf-π-29=Me_30=NCH3_2_31=CF3.xyz,61.5333
Hf-π-29=Me_30=NCH3_2_31=Cl.xyz,60.7861
Hf-π-29=Me_30=NCH3_2_31=Et.xyz,61.2182
Hf-π-29=Me_30=NCH3_2_31=F.xyz,61.2339
Hf-π-29=Me_30=NCH3_2_31=Me.xyz,60.7686
Hf-π-29=Me_30=NCH3_2_31=NCH3_2.xyz,62.1867
Hf-π-29=Me_30=NCH3_2_31=NO2.xyz,60.8927
Hf-π-29=Me_30=NCH3_2_31=OMe.xyz,60.5211
Hf-π-29=Me_30=NCH3_2_31=Ph.xyz,60.8874
Hf-π-29=Me_30=NO2_31=CF3.xyz,62.8646
Hf-π-29=Me_30=NO2_31=Cl.xyz,61.9939
Hf-π-29=Me_30=NO2_31=Et.xyz,62.1715
Hf-π-29=Me_30=NO2_31=F.xyz,61.3912
Hf-π-29=Me_30=NO2_31=Me.xyz,62.2344
Hf-π-29=Me_30=NO2_31=NCH3_2.xyz,62.5646
Hf-π-29=Me_30=NO2_31=NO2.xyz,60.7139
Hf-π-29=Me_30=NO2_31=OMe.xyz,60.0884
Hf-π-29=Me_30=NO2_31=Ph.xyz,61.8035
Hf-π-29=Me_30=OMe_31=CF3.xyz,64.0840
Hf-π-29=Me_30=OMe_31=Cl.xyz,63.4033
Hf-π-29=Me_30=OMe_31=Et.xyz,63.9082
Hf-π-29=Me_30=OMe_31=F.xyz,62.5600
Hf-π-29=Me_30=OMe_31=Me.xyz,63.7597
Hf-π-29=Me_30=OMe_31=NCH3_2.xyz,63.3281
Hf-π-29=Me_30=OMe_31=NO2.xyz,62.8075
Hf-π-29=Me_30=OMe_31=OMe.xyz,62.8948
Hf-π-29=Me_30=OMe_31=Ph.xyz,63.3101
Hf-π-29=Me_30=Ph_31=CF3.xyz,64.1772
Hf-π-29=Me_30=Ph_31=Cl.xyz,62.9065
Hf-π-29=Me_30=Ph_31=Et.xyz,62.6765
Hf-π-29=Me_30=Ph_31=F.xyz,60.3580
Hf-π-29=Me_30=Ph_31=Me.xyz,62.6986
Hf-π-29=Me_30=Ph_31=NCH3_2.xyz,63.0311
Hf-π-29=Me_30=Ph_31=NO2.xyz,63.1057
Hf-π-29=Me_30=Ph_31=OMe.xyz,61.1157
Hf-π-29=Me_30=Ph_31=Ph.xyz,63.2722
Hf-π-29=NCH3_2_30=CF3_31=CF3.xyz,64.6222
Hf-π-29=NCH3_2_30=CF3_31=Cl.xyz,64.1539
Hf-π-29=NCH3_2_30=CF3_31=Et.xyz,64.0165
Hf-π-29=NCH3_2_30=CF3_31=F.xyz,64.0357
Hf-π-29=NCH3_2_30=CF3_31=Me.xyz,64.0456
Hf-π-29=NCH3_2_30=CF3_31=NCH3_2.xyz,63.8214
Hf-π-29=NCH3_2_30=CF3_31=NO2.xyz,63.9501
Hf-π-29=NCH3_2_30=CF3_31=OMe.xyz,65.5336
Hf-π-29=NCH3_2_30=CF3_31=Ph.xyz,63.8319
Hf-π-29=NCH3_2_30=Cl_31=CF3.xyz,62.5815
Hf-π-29=NCH3_2_30=Cl_31=Cl.xyz,63.5308
Hf-π-29=NCH3_2_30=Cl_31=Et.xyz,62.8826
Hf-π-29=NCH3_2_30=Cl_31=F.xyz,61.6672
Hf-π-29=NCH3_2_30=Cl_31=Me.xyz,63.5005
Hf-π-29=NCH3_2_30=Cl_31=NCH3_2.xyz,62.5192
Hf-π-29=NCH3_2_30=Cl_31=NO2.xyz,61.7557
Hf-π-29=NCH3_2_30=Cl_31=OMe.xyz,65.2762
Hf-π-29=NCH3_2_30=Cl_31=Ph.xyz,62.3276
Hf-π-29=NCH3_2_30=Et_31=CF3.xyz,62.7405
Hf-π-29=NCH3_2_30=Et_31=Cl.xyz,63.6665
Hf-π-29=NCH3_2_30=Et_31=Et.xyz,63.9012
Hf-π-29=NCH3_2_30=Et_31=F.xyz,62.7580
Hf-π-29=NCH3_2_30=Et_31=Me.xyz,63.8825
Hf-π-29=NCH3_2_30=Et_31=NCH3_2.xyz,62.9991
Hf-π-29=NCH3_2_30=Et_31=NO2.xyz,61.6794
Hf-π-29=NCH3_2_30=Et_31=OMe.xyz,65.5959
Hf-π-29=NCH3_2_30=Et_31=Ph.xyz,62.7161
Hf-π-29=NCH3_2_30=F_31=CF3.xyz,63.2606
Hf-π-29=NCH3_2_30=F_31=Cl.xyz,63.7742
Hf-π-29=NCH3_2_30=F_31=Et.xyz,64.0689
Hf-π-29=NCH3_2_30=F_31=F.xyz,60.8694
Hf-π-29=NCH3_2_30=F_31=Me.xyz,63.3287
Hf-π-29=NCH3_2_30=F_31=NCH3_2.xyz,66.4753
Hf-π-29=NCH3_2_30=F_31=NO2.xyz,60.6387
Hf-π-29=NCH3_2_30=F_31=OMe.xyz,63.6310
Hf-π-29=NCH3_2_30=F_31=Ph.xyz,65.3839
Hf-π-29=NCH3_2_30=Me_31=CF3.xyz,62.7603
Hf-π-29=NCH3_2_30=Me_31=Cl.xyz,63.6409
Hf-π-29=NCH3_2_30=Me_31=Et.xyz,64.7346
Hf-π-29=NCH3_2_30=Me_31=F.xyz,61.9957
Hf-π-29=NCH3_2_30=Me_31=Me.xyz,63.8989
Hf-π-29=NCH3_2_30=Me_31=NCH3_2.xyz,62.8768
Hf-π-29=NCH3_2_30=Me_31=NO2.xyz,61.7959
Hf-π-29=NCH3_2_30=Me_31=OMe.xyz,65.5918
Hf-π-29=NCH3_2_30=Me_31=Ph.xyz,62.7178
Hf-π-29=NCH3_2_30=NCH3_2_31=CF3.xyz,62.3655
Hf-π-29=NCH3_2_30=NCH3_2_31=Cl.xyz,61.7377
Hf-π-29=NCH3_2_30=NCH3_2_31=Et.xyz,61.6130
Hf-π-29=NCH3_2_30=NCH3_2_31=F.xyz,62.0283
Hf-π-29=NCH3_2_30=NCH3_2_31=Me.xyz,61.7307
Hf-π-29=NCH3_2_30=NCH3_2_31=NCH3_2.xyz,63.2402
Hf-π-29=NCH3_2_30=NCH3_2_31=NO2.xyz,61.6428
Hf-π-29=NCH3_2_30=NCH3_2_31=OMe.xyz,61.4011
Hf-π-29=NCH3_2_30=NCH3_2_31=Ph.xyz,64.5796
Hf-π-29=NCH3_2_30=NO2_31=CF3.xyz,63.2891
Hf-π-29=NCH3_2_30=NO2_31=Cl.xyz,62.9211
Hf-π-29=NCH3_2_30=NO2_31=Et.xyz,63.5372
Hf-π-29=NCH3_2_30=NO2_31=F.xyz,62.3678
Hf-π-29=NCH3_2_30=NO2_31=Me.xyz,62.9717
Hf-π-29=NCH3_2_30=NO2_31=NCH3_2.xyz,63.9536
Hf-π-29=NCH3_2_30=NO2_31=NO2.xyz,62.2012
Hf-π-29=NCH3_2_30=NO2_31=OMe.xyz,64.6321
Hf-π-29=NCH3_2_30=NO2_31=Ph.xyz,63.0602
Hf-π-29=NCH3_2_30=OMe_31=CF3.xyz,67.0244
Hf-π-29=NCH3_2_30=OMe_31=Cl.xyz,66.1020
Hf-π-29=NCH3_2_30=OMe_31=Et.xyz,64.4038
Hf-π-29=NCH3_2_30=OMe_31=F.xyz,65.1940
Hf-π-29=NCH3_2_30=OMe_31=Me.xyz,63.6071
Hf-π-29=NCH3_2_30=OMe_31=NCH3_2.xyz,66.4293
Hf-π-29=NCH3_2_30=OMe_31=NO2.xyz,65.8195
Hf-π-29=NCH3_2_30=OMe_31=OMe.xyz,64.9594
Hf-π-29=NCH3_2_30=OMe_31=Ph.xyz,64.2850
Hf-π-29=NCH3_2_30=Ph_31=CF3.xyz,64.5342
Hf-π-29=NCH3_2_30=Ph_31=Cl.xyz,63.9617
Hf-π-29=NCH3_2_30=Ph_31=Et.xyz,64.5133
Hf-π-29=NCH3_2_30=Ph_31=F.xyz,63.7509
Hf-π-29=NCH3_2_30=Ph_31=Me.xyz,63.8348
Hf-π-29=NCH3_2_30=Ph_31=NCH3_2.xyz,63.8977
Hf-π-29=NCH3_2_30=Ph_31=NO2.xyz,64.1510
Hf-π-29=NCH3_2_30=Ph_31=OMe.xyz,65.5342
Hf-π-29=NCH3_2_30=Ph_31=Ph.xyz,64.6006
Hf-π-29=NO2_30=CF3_31=CF3.xyz,64.4370
Hf-π-29=NO2_30=CF3_31=Cl.xyz,64.7800
Hf-π-29=NO2_30=CF3_31=Et.xyz,64.7212
Hf-π-29=NO2_30=CF3_31=F.xyz,64.2244
Hf-π-29=NO2_30=CF3_31=Me.xyz,64.4143
Hf-π-29=NO2_30=CF3_31=NCH3_2.xyz,64.1860
Hf-π-29=NO2_30=CF3_31=NO2.xyz,64.7398
Hf-π-29=NO2_30=CF3_31=OMe.xyz,64.3915
Hf-π-29=NO2_30=CF3_31=Ph.xyz,64.4894
Hf-π-29=NO2_30=Cl_31=CF3.xyz,62.7009
Hf-π-29=NO2_30=Cl_31=Cl.xyz,63.5133
Hf-π-29=NO2_30=Cl_31=Et.xyz,59.9970
Hf-π-29=NO2_30=Cl_31=F.xyz,61.4308
Hf-π-29=NO2_30=Cl_31=Me.xyz,63.2326
Hf-π-29=NO2_30=Cl_31=NCH3_2.xyz,62.8459
Hf-π-29=NO2_30=Cl_31=NO2.xyz,63.3508
Hf-π-29=NO2_30=Cl_31=OMe.xyz,61.3574
Hf-π-29=NO2_30=Cl_31=Ph.xyz,62.5990
Hf-π-29=NO2_30=Et_31=CF3.xyz,64.3152
Hf-π-29=NO2_30=Et_31=Cl.xyz,63.5314
Hf-π-29=NO2_30=Et_31=Et.xyz,64.1592
Hf-π-29=NO2_30=Et_31=F.xyz,62.9135
Hf-π-29=NO2_30=Et_31=Me.xyz,62.3235
Hf-π-29=NO2_30=Et_31=NCH3_2.xyz,63.2099
Hf-π-29=NO2_30=Et_31=NO2.xyz,63.5622
Hf-π-29=NO2_30=Et_31=OMe.xyz,62.5961
Hf-π-29=NO2_30=Et_31=Ph.xyz,62.8250
Hf-π-29=NO2_30=F_31=CF3.xyz,65.8312
Hf-π-29=NO2_30=F_31=Cl.xyz,60.7214
Hf-π-29=NO2_30=F_31=Et.xyz,64.7177
Hf-π-29=NO2_30=F_31=F.xyz,60.3563
Hf-π-29=NO2_30=F_31=Me.xyz,59.0087
Hf-π-29=NO2_30=F_31=NCH3_2.xyz,61.2986
Hf-π-29=NO2_30=F_31=NO2.xyz,60.9462
Hf-π-29=NO2_30=F_31=OMe.xyz,60.8659
Hf-π-29=NO2_30=F_31=Ph.xyz,60.3231
Hf-π-29=NO2_30=Me_31=CF3.xyz,65.4957
Hf-π-29=NO2_30=Me_31=Cl.xyz,64.6827
Hf-π-29=NO2_30=Me_31=Et.xyz,63.9827
Hf-π-29=NO2_30=Me_31=F.xyz,62.4348
Hf-π-29=NO2_30=Me_31=Me.xyz,64.3100
Hf-π-29=NO2_30=Me_31=NCH3_2.xyz,62.7184
Hf-π-29=NO2_30=Me_31=NO2.xyz,63.2315
Hf-π-29=NO2_30=Me_31=OMe.xyz,62.3131
Hf-π-29=NO2_30=Me_31=Ph.xyz,60.9119
Hf-π-29=NO2_30=NCH3_2_31=CF3.xyz,62.5565
Hf-π-29=NO2_30=NCH3_2_31=Cl.xyz,61.4983
Hf-π-29=NO2_30=NCH3_2_31=Et.xyz,61.7167
Hf-π-29=NO2_30=NCH3_2_31=F.xyz,62.5792
Hf-π-29=NO2_30=NCH3_2_31=Me.xyz,61.1402
Hf-π-29=NO2_30=NCH3_2_31=NCH3_2.xyz,63.1726
Hf-π-29=NO2_30=NCH3_2_31=NO2.xyz,62.0714
Hf-π-29=NO2_30=NCH3_2_31=OMe.xyz,62.8325
Hf-π-29=NO2_30=NCH3_2_31=Ph.xyz,61.3417
Hf-π-29=NO2_30=NO2_31=CF3.xyz,64.1586
Hf-π-29=NO2_30=NO2_31=Cl.xyz,63.6152
Hf-π-29=NO2_30=NO2_31=Et.xyz,63.5343
Hf-π-29=NO2_30=NO2_31=F.xyz,61.1105
Hf-π-29=NO2_30=NO2_31=Me.xyz,63.9245
Hf-π-29=NO2_30=NO2_31=NCH3_2.xyz,63.3730
Hf-π-29=NO2_30=NO2_31=NO2.xyz,61.6212
Hf-π-29=NO2_30=NO2_31=OMe.xyz,61.0907
Hf-π-29=NO2_30=NO2_31=Ph.xyz,62.9665
Hf-π-29=NO2_30=OMe_31=CF3.xyz,65.8964
Hf-π-29=NO2_30=OMe_31=Cl.xyz,65.2628
Hf-π-29=NO2_30=OMe_31=Et.xyz,60.6236
Hf-π-29=NO2_30=OMe_31=F.xyz,64.8801
Hf-π-29=NO2_30=OMe_31=Me.xyz,65.1900
Hf-π-29=NO2_30=OMe_31=NCH3_2.xyz,60.9946
Hf-π-29=NO2_30=OMe_31=NO2.xyz,65.0729
Hf-π-29=NO2_30=OMe_31=OMe.xyz,65.0024
Hf-π-29=NO2_30=OMe_31=Ph.xyz,60.5770
Hf-π-29=NO2_30=Ph_31=CF3.xyz,60.5351
Hf-π-29=NO2_30=Ph_31=Cl.xyz,60.3720
Hf-π-29=NO2_30=Ph_31=Et.xyz,63.7387
Hf-π-29=NO2_30=Ph_31=F.xyz,60.6551
Hf-π-29=NO2_30=Ph_31=Me.xyz,63.5127
Hf-π-29=NO2_30=Ph_31=NCH3_2.xyz,63.1977
Hf-π-29=NO2_30=Ph_31=NO2.xyz,60.8169
Hf-π-29=NO2_30=Ph_31=OMe.xyz,62.2478
Hf-π-29=NO2_30=Ph_31=Ph.xyz,64.1574
Hf-π-29=OMe_30=CF3_31=CF3.xyz,62.1890
Hf-π-29=OMe_30=CF3_31=Cl.xyz,62.3742
Hf-π-29=OMe_30=CF3_31=Et.xyz,61.8815
Hf-π-29=OMe_30=CF3_31=F.xyz,61.8710
Hf-π-29=OMe_30=CF3_31=Me.xyz,61.9584
Hf-π-29=OMe_30=CF3_31=NCH3_2.xyz,61.8681
Hf-π-29=OMe_30=CF3_31=NO2.xyz,62.1378
Hf-π-29=OMe_30=CF3_31=OMe.xyz,62.1226
Hf-π-29=OMe_30=CF3_31=Ph.xyz,62.2403
Hf-π-29=OMe_30=Cl_31=CF3.xyz,60.5852
Hf-π-29=OMe_30=Cl_31=Cl.xyz,61.3877
Hf-π-29=OMe_30=Cl_31=Et.xyz,64.7229
Hf-π-29=OMe_30=Cl_31=F.xyz,59.0087
Hf-π-29=OMe_30=Cl_31=Me.xyz,61.1734
Hf-π-29=OMe_30=Cl_31=NCH3_2.xyz,60.6481
Hf-π-29=OMe_30=Cl_31=NO2.xyz,59.2510
Hf-π-29=OMe_30=Cl_31=OMe.xyz,59.0087
Hf-π-29=OMe_30=Cl_31=Ph.xyz,63.9443
Hf-π-29=OMe_30=Et_31=CF3.xyz,60.4739
Hf-π-29=OMe_30=Et_31=Cl.xyz,62.3492
Hf-π-29=OMe_30=Et_31=Et.xyz,62.5559
Hf-π-29=OMe_30=Et_31=F.xyz,60.2165
Hf-π-29=OMe_30=Et_31=Me.xyz,62.2572
Hf-π-29=OMe_30=Et_31=NCH3_2.xyz,60.8595
Hf-π-29=OMe_30=Et_31=NO2.xyz,61.3358
Hf-π-29=OMe_30=Et_31=OMe.xyz,61.1565
Hf-π-29=OMe_30=Et_31=Ph.xyz,60.4250
Hf-π-29=OMe_30=F_31=CF3.xyz,64.0835
Hf-π-29=OMe_30=F_31=Cl.xyz,63.6729
Hf-π-29=OMe_30=F_31=Et.xyz,64.8569
Hf-π-29=OMe_30=F_31=F.xyz,63.9309
Hf-π-29=OMe_30=F_31=Me.xyz,63.0771
Hf-π-29=OMe_30=F_31=NCH3_2.xyz,64.8615
Hf-π-29=OMe_30=F_31=NO2.xyz,62.8698
Hf-π-29=OMe_30=F_31=OMe.xyz,64.2442
Hf-π-29=OMe_30=F_31=Ph.xyz,63.3217
Hf-π-29=OMe_30=Me_31=CF3.xyz,65.3594
Hf-π-29=OMe_30=Me_31=Cl.xyz,64.4748
Hf-π-29=OMe_30=Me_31=Et.xyz,63.3817
Hf-π-29=OMe_30=Me_31=F.xyz,61.1920
Hf-π-29=OMe_30=Me_31=Me.xyz,62.2443
Hf-π-29=OMe_30=Me_31=NCH3_2.xyz,64.8615
Hf-π-29=OMe_30=Me_31=NO2.xyz,59.2032
Hf-π-29=OMe_30=Me_31=OMe.xyz,64.1790
Hf-π-29=OMe_30=Me_31=Ph.xyz,63.3835
Hf-π-29=OMe_30=NCH3_2_31=CF3.xyz,60.9550
Hf-π-29=OMe_30=NCH3_2_31=Cl.xyz,60.6265
Hf-π-29=OMe_30=NCH3_2_31=Et.xyz,61.1629
Hf-π-29=OMe_30=NCH3_2_31=F.xyz,60.4390
Hf-π-29=OMe_30=NCH3_2_31=Me.xyz,60.3254
Hf-π-29=OMe_30=NCH3_2_31=NCH3_2.xyz,61.0353
Hf-π-29=OMe_30=NCH3_2_31=NO2.xyz,60.2922
Hf-π-29=OMe_30=NCH3_2_31=OMe.xyz,60.8868
Hf-π-29=OMe_30=NCH3_2_31=Ph.xyz,63.5587
Hf-π-29=OMe_30=NO2_31=CF3.xyz,62.3585
Hf-π-29=OMe_30=NO2_31=Cl.xyz,61.2543
Hf-π-29=OMe_30=NO2_31=Et.xyz,61.8151
Hf-π-29=OMe_30=NO2_31=F.xyz,60.3540
Hf-π-29=OMe_30=NO2_31=Me.xyz,61.1827
Hf-π-29=OMe_30=NO2_31=NCH3_2.xyz,64.4597
Hf-π-29=OMe_30=NO2_31=NO2.xyz,61.1204
Hf-π-29=OMe_30=NO2_31=OMe.xyz,62.2950
Hf-π-29=OMe_30=NO2_31=Ph.xyz,60.5351
Hf-π-29=OMe_30=OMe_31=CF3.xyz,64.9372
Hf-π-29=OMe_30=OMe_31=Cl.xyz,64.2081
Hf-π-29=OMe_30=OMe_31=Et.xyz,63.8954
Hf-π-29=OMe_30=OMe_31=F.xyz,61.4686
Hf-π-29=OMe_30=OMe_31=Me.xyz,63.7929
Hf-π-29=OMe_30=OMe_31=NCH3_2.xyz,64.7986
Hf-π-29=OMe_30=OMe_31=NO2.xyz,63.8464
Hf-π-29=OMe_30=OMe_31=OMe.xyz,64.1417
Hf-π-29=OMe_30=OMe_31=Ph.xyz,63.3526
Hf-π-29=OMe_30=Ph_31=CF3.xyz,65.9372
Hf-π-29=OMe_30=Ph_31=Cl.xyz,61.6684
Hf-π-29=OMe_30=Ph_31=Et.xyz,61.9334
Hf-π-29=OMe_30=Ph_31=F.xyz,61.7854
Hf-π-29=OMe_30=Ph_31=Me.xyz,61.4325
Hf-π-29=OMe_30=Ph_31=NCH3_2.xyz,62.0277
Hf-π-29=OMe_30=Ph_31=NO2.xyz,61.8303
Hf-π-29=OMe_30=Ph_31=OMe.xyz,62.9391
Hf-π-29=OMe_30=Ph_31=Ph.xyz,62.1354
Hf-π-29=Ph_30=CF3_31=CF3.xyz,65.6448
Hf-π-29=Ph_30=CF3_31=Cl.xyz,65.5586
Hf-π-29=Ph_30=CF3_31=Et.xyz,65.3728
Hf-π-29=Ph_30=CF3_31=F.xyz,65.3658
Hf-π-29=Ph_30=CF3_31=Me.xyz,65.4480
Hf-π-29=Ph_30=CF3_31=NCH3_2.xyz,65.2424
Hf-π-29=Ph_30=CF3_31=NO2.xyz,65.6553
Hf-π-29=Ph_30=CF3_31=OMe.xyz,65.5697
Hf-π-29=Ph_30=CF3_31=Ph.xyz,65.6943
Hf-π-29=Ph_30=Cl_31=CF3.xyz,63.4225
Hf-π-29=Ph_30=Cl_31=Cl.xyz,63.3782
Hf-π-29=Ph_30=Cl_31=Et.xyz,62.6159
Hf-π-29=Ph_30=Cl_31=F.xyz,63.3171
Hf-π-29=Ph_30=Cl_31=Me.xyz,64.3449
Hf-π-29=Ph_30=Cl_31=NCH3_2.xyz,63.8919
Hf-π-29=Ph_30=Cl_31=NO2.xyz,62.8552
Hf-π-29=Ph_30=Cl_31=OMe.xyz,63.0125
Hf-π-29=Ph_30=Cl_31=Ph.xyz,63.2897
Hf-π-29=Ph_30=Et_31=CF3.xyz,65.2727
Hf-π-29=Ph_30=Et_31=Cl.xyz,63.6694
Hf-π-29=Ph_30=Et_31=Et.xyz,65.2657
Hf-π-29=Ph_30=Et_31=F.xyz,62.4569
Hf-π-29=Ph_30=Et_31=Me.xyz,63.3479
Hf-π-29=Ph_30=Et_31=NCH3_2.xyz,64.1231
Hf-π-29=Ph_30=Et_31=NO2.xyz,62.6060
Hf-π-29=Ph_30=Et_31=OMe.xyz,62.9181
Hf-π-29=Ph_30=Et_31=Ph.xyz,63.3846
Hf-π-29=Ph_30=F_31=CF3.xyz,66.2097
Hf-π-29=Ph_30=F_31=Cl.xyz,62.0149
Hf-π-29=Ph_30=F_31=Et.xyz,65.8801
Hf-π-29=Ph_30=F_31=F.xyz,61.8116
Hf-π-29=Ph_30=F_31=Me.xyz,62.4592
Hf-π-29=Ph_30=F_31=NCH3_2.xyz,66.6243
Hf-π-29=Ph_30=F_31=NO2.xyz,61.6789
Hf-π-29=Ph_30=F_31=OMe.xyz,65.8935
Hf-π-29=Ph_30=F_31=Ph.xyz,66.1730
Hf-π-29=Ph_30=Me_31=CF3.xyz,61.2566
Hf-π-29=Ph_30=Me_31=Cl.xyz,62.9595
Hf-π-29=Ph_30=Me_31=Et.xyz,65.0910
Hf-π-29=Ph_30=Me_31=F.xyz,62.4889
Hf-π-29=Ph_30=Me_31=Me.xyz,64.8970
Hf-π-29=Ph_30=Me_31=NCH3_2.xyz,63.6449
Hf-π-29=Ph_30=Me_31=NO2.xyz,62.6211
Hf-π-29=Ph_30=Me_31=OMe.xyz,62.9053
Hf-π-29=Ph_30=Me_31=Ph.xyz,62.4651
Hf-π-29=Ph_30=NCH3_2_31=CF3.xyz,62.8488
Hf-π-29=Ph_30=NCH3_2_31=Cl.xyz,62.6543
Hf-π-29=Ph_30=NCH3_2_31=Et.xyz,62.9350
Hf-π-29=Ph_30=NCH3_2_31=F.xyz,63.4574
Hf-π-29=Ph_30=NCH3_2_31=Me.xyz,62.5844
Hf-π-29=Ph_30=NCH3_2_31=NCH3_2.xyz,64.2646
Hf-π-29=Ph_30=NCH3_2_31=NO2.xyz,62.8937
Hf-π-29=Ph_30=NCH3_2_31=OMe.xyz,62.7889
Hf-π-29=Ph_30=NCH3_2_31=Ph.xyz,63.1971
Hf-π-29=Ph_30=NO2_31=CF3.xyz,64.9087
Hf-π-29=Ph_30=NO2_31=Cl.xyz,64.2966
Hf-π-29=Ph_30=NO2_31=Et.xyz,64.4236
Hf-π-29=Ph_30=NO2_31=F.xyz,62.2956
Hf-π-29=Ph_30=NO2_31=Me.xyz,64.4969
Hf-π-29=Ph_30=NO2_31=NCH3_2.xyz,64.8656
Hf-π-29=Ph_30=NO2_31=NO2.xyz,64.3572
Hf-π-29=Ph_30=NO2_31=OMe.xyz,62.3579
Hf-π-29=Ph_30=NO2_31=Ph.xyz,64.0899
Hf-π-29=Ph_30=OMe_31=CF3.xyz,67.1112
Hf-π-29=Ph_30=OMe_31=Cl.xyz,65.8463
Hf-π-29=Ph_30=OMe_31=Et.xyz,61.5734
Hf-π-29=Ph_30=OMe_31=F.xyz,65.0758
Hf-π-29=Ph_30=OMe_31=Me.xyz,65.5056
Hf-π-29=Ph_30=OMe_31=NCH3_2.xyz,66.3757
Hf-π-29=Ph_30=OMe_31=NO2.xyz,65.6757
Hf-π-29=Ph_30=OMe_31=OMe.xyz,66.2743
Hf-π-29=Ph_30=OMe_31=Ph.xyz,61.9537
Hf-π-29=Ph_30=Ph_31=CF3.xyz,62.6741
Hf-π-29=Ph_30=Ph_31=Cl.xyz,61.2962
Hf-π-29=Ph_30=Ph_31=Et.xyz,64.6402
Hf-π-29=Ph_30=Ph_31=F.xyz,62.6782
Hf-π-29=Ph_30=Ph_31=Me.xyz,63.3392
Hf-π-29=Ph_30=Ph_31=NCH3_2.xyz,62.9973
Hf-π-29=Ph_30=Ph_31=NO2.xyz,61.9945
Hf-π-29=Ph_30=Ph_31=OMe.xyz,62.5606
Hf-π-29=Ph_30=Ph_31=Ph.xyz,65.4614
